-- 02_DATA_SEEDING.SQL
-- Author: Shadab Kazi
-- Description: Populates the Omni_Financial_Vault with 20 Customers, 30 Accounts, and 100 Transactions.

---------------------------------------------------------
-- 1. SEEDING CUSTOMERS (20 Rows)
---------------------------------------------------------
INSERT INTO customers (customer_id, first_name, last_name, city, occupation, customer_since) VALUES
(1, 'Shadab', 'Kazi', 'Mumbai', 'Financial Analyst', '2024-01-10'),
(2, 'Amit', 'Sharma', 'Delhi', 'Doctor', '2024-02-15'),
(3, 'Priya', 'Nair', 'Bangalore', 'Data Scientist', '2023-12-10'),
(4, 'Rohan', 'Gupta', 'Pune', 'Business Owner', '2024-03-01'),
(5, 'Sana', 'Khan', 'Hyderabad', 'Engineer', '2024-01-20'),
(6, 'Anjali', 'Verma', 'Mumbai', 'Teacher', '2023-11-05'),
(7, 'Vikram', 'Singh', 'Delhi', 'Architect', '2024-04-12'),
(8, 'Sneha', 'Reddy', 'Hyderabad', 'Analyst', '2024-02-28'),
(9, 'Rahul', 'Das', 'Kolkata', 'Software Dev', '2023-10-15'),
(10, 'Ishita', 'Malhotra', 'Mumbai', 'Marketing Mgr', '2024-05-01'),
(11, 'Karan', 'Mehta', 'Pune', 'Entrepreneur', '2024-01-15'),
(12, 'Megha', 'Joshi', 'Bangalore', 'HR Specialist', '2024-03-20'),
(13, 'Aditya', 'Patel', 'Ahmedabad', 'Civil Engineer', '2023-09-10'),
(14, 'Tanvi', 'Bose', 'Kolkata', 'Graphic Designer', '2024-06-01'),
(15, 'Suresh', 'Iyer', 'Chennai', 'Retired', '2023-08-25'),
(16, 'Neha', 'Kapoor', 'Delhi', 'Consultant', '2024-02-10'),
(17, 'Zaid', 'Sheikh', 'Mumbai', 'Pilot', '2024-04-05'),
(18, 'Riya', 'Sen', 'Kolkata', 'Student', '2024-05-15'),
(19, 'Abhishek', 'Jain', 'Indore', 'Chartered Accountant', '2023-12-01'),
(20, 'Pooja', 'Hegde', 'Chennai', 'Lawyer', '2024-01-05');

---------------------------------------------------------
-- 2. SEEDING ACCOUNTS (30 Rows)
---------------------------------------------------------
INSERT INTO accounts (account_id, customer_id, account_type, balance, status) VALUES
(1001, 1, 'Savings', 75000.00, 'Active'),
(1002, 1, 'Credit Card', -2400.00, 'Active'),
(1003, 2, 'Checking', 15000.00, 'Active'),
(1004, 3, 'Savings', 250000.00, 'Active'),
(1005, 4, 'Fixed Deposit', 500000.00, 'Active'),
(1006, 5, 'Checking', 4200.00, 'Active'),
(1007, 6, 'Savings', 12000.00, 'Active'),
(1008, 7, 'Checking', 8500.00, 'Active'),
(1009, 8, 'Credit Card', -500.00, 'Active'),
(1010, 9, 'Savings', 63000.00, 'Active'),
(1011, 10, 'Checking', 21000.00, 'Active'),
(1012, 11, 'Fixed Deposit', 1000000.00, 'Active'),
(1013, 12, 'Savings', 45000.00, 'Active'),
(1014, 13, 'Checking', 3200.00, 'Active'),
(1015, 14, 'Credit Card', -12000.00, 'Active'),
(1016, 15, 'Savings', 800000.00, 'Active'),
(1017, 16, 'Checking', 14000.00, 'Active'),
(1018, 17, 'Savings', 550000.00, 'Active'),
(1019, 18, 'Checking', 1200.00, 'Active'),
(1020, 19, 'Savings', 95000.00, 'Active'),
(1021, 20, 'Checking', 4500.00, 'Active'),
(1022, 2, 'Credit Card', -500.00, 'Active'),
(1023, 3, 'Checking', 12000.00, 'Active'),
(1024, 6, 'Fixed Deposit', 200000.00, 'Active'),
(1025, 10, 'Credit Card', -8500.00, 'Active'),
(1026, 12, 'Checking', 7200.00, 'Active'),
(1027, 15, 'Checking', 15000.00, 'Active'),
(1028, 17, 'Credit Card', -1500.00, 'Active'),
(1029, 19, 'Checking', 3100.00, 'Active'),
(1030, 1, 'Fixed Deposit', 100000.00, 'Active');

---------------------------------------------------------
-- 3. SEEDING TRANSACTIONS (100 Rows)
---------------------------------------------------------
INSERT INTO transactions (account_id, transaction_date, amount, transaction_type, merchant_category, location) VALUES
(1001, '2026-03-01 09:00:00', 50000.00, 'Deposit', 'Salary', 'Mumbai'),
(1004, '2026-03-01 09:15:00', 85000.00, 'Deposit', 'Salary', 'Bangalore'),
(1010, '2026-03-01 10:00:00', 45000.00, 'Deposit', 'Salary', 'Kolkata'),
(1012, '2026-03-01 10:30:00', 150000.00, 'Deposit', 'Salary', 'Pune'),
(1018, '2026-03-02 09:00:00', 120000.00, 'Deposit', 'Salary', 'Mumbai'),
(1020, '2026-03-02 09:45:00', 95000.00, 'Deposit', 'Salary', 'Indore'),
(1006, '2026-03-03 09:00:00', 35000.00, 'Deposit', 'Salary', 'Hyderabad'),
(1008, '2026-03-03 10:00:00', 62000.00, 'Deposit', 'Salary', 'Delhi'),
(1001, '2026-03-04 10:00:00', 2500.00, 'Payment', 'Groceries', 'Mumbai'),
(1003, '2026-03-04 11:30:00', 1200.00, 'Payment', 'Utilities', 'Delhi'),
(1004, '2026-03-05 09:00:00', 4500.00, 'Payment', 'Groceries', 'Bangalore'),
(1007, '2026-03-05 18:00:00', 800.00, 'Payment', 'Utilities', 'Mumbai'),
(1009, '2026-03-06 10:15:00', 1500.00, 'Payment', 'Groceries', 'Hyderabad'),
(1011, '2026-03-06 12:45:00', 2200.00, 'Payment', 'Groceries', 'Mumbai'),
(1013, '2026-03-07 14:00:00', 3100.00, 'Payment', 'Utilities', 'Ahmedabad'),
(1015, '2026-03-07 16:30:00', 5000.00, 'Payment', 'Groceries', 'Kolkata'),
(1017, '2026-03-08 09:15:00', 1800.00, 'Payment', 'Groceries', 'Delhi'),
(1019, '2026-03-08 20:00:00', 600.00, 'Payment', 'Utilities', 'Kolkata'),
(1021, '2026-03-09 10:00:00', 2700.00, 'Payment', 'Groceries', 'Chennai'),
(1023, '2026-03-09 11:00:00', 1200.00, 'Payment', 'Utilities', 'Bangalore'),
(1026, '2026-03-10 09:00:00', 4000.00, 'Payment', 'Groceries', 'Bangalore'),
(1027, '2026-03-10 15:00:00', 1500.00, 'Payment', 'Utilities', 'Chennai'),
(1029, '2026-03-11 10:30:00', 2100.00, 'Payment', 'Groceries', 'Indore'),
(1001, '2026-03-05 19:30:00', 3200.00, 'Payment', 'Dining', 'Mumbai'),
(1002, '2026-03-05 21:00:00', 1500.00, 'Payment', 'Entertainment', 'Mumbai'),
(1006, '2026-03-06 20:15:00', 4500.00, 'Payment', 'Dining', 'Hyderabad'),
(1008, '2026-03-07 22:00:00', 2800.00, 'Payment', 'Entertainment', 'Delhi'),
(1011, '2026-03-08 19:00:00', 5200.00, 'Payment', 'Dining', 'Mumbai'),
(1014, '2026-03-10 13:00:00', 1200.00, 'Payment', 'Dining', 'Ahmedabad'),
(1016, '2026-03-11 19:30:00', 8500.00, 'Payment', 'Dining', 'Chennai'),
(1018, '2026-03-12 21:00:00', 12000.00, 'Payment', 'Entertainment', 'Mumbai'),
(1021, '2026-03-13 18:00:00', 2200.00, 'Payment', 'Dining', 'Chennai'),
(1025, '2026-03-14 12:00:00', 300.00, 'Payment', 'Dining', 'Mumbai'),
(1028, '2026-03-15 20:00:00', 1500.00, 'Payment', 'Dining', 'Mumbai'),
(1030, '2026-03-16 19:00:00', 4500.00, 'Payment', 'Entertainment', 'Mumbai'),
(1001, '2026-03-17 21:30:00', 2100.00, 'Payment', 'Dining', 'Mumbai'),
(1004, '2026-03-18 20:00:00', 6000.00, 'Payment', 'Dining', 'Bangalore'),
(1010, '2026-03-19 19:45:00', 3200.00, 'Payment', 'Dining', 'Kolkata'),
(1017, '2026-03-12 08:00:00', 15000.00, 'Payment', 'Travel', 'Delhi'),
(1012, '2026-03-13 10:00:00', 25000.00, 'Payment', 'Travel', 'Pune'),
(1005, '2026-03-14 07:00:00', 8000.00, 'Payment', 'Travel', 'Pune'),
(1020, '2026-03-15 15:00:00', 12000.00, 'Payment', 'Travel', 'Indore'),
(1024, '2026-03-16 09:00:00', 5000.00, 'Payment', 'Travel', 'Mumbai'),
(1001, '2026-03-25 06:00:00', 4500.00, 'Payment', 'Travel', 'Mumbai'),
(1012, '2026-03-10 02:00:00', 45000.00, 'Transfer', 'External Bank', 'Pune'),
(1012, '2026-03-10 02:05:00', 48000.00, 'Transfer', 'External Bank', 'Pune'),
(1012, '2026-03-10 02:10:00', 42000.00, 'Transfer', 'External Bank', 'Pune'),
(1016, '2026-03-20 03:00:00', 95000.00, 'Transfer', 'International', 'Chennai'),
(1005, '2026-03-22 11:00:00', 200000.00, 'Transfer', 'Investment', 'Pune'),
(1015, '2026-03-15 23:45:00', 9000.00, 'Payment', 'Online Shopping', 'Kolkata'),
(1002, '2026-03-16 14:00:00', 15000.00, 'Payment', 'Electronics', 'Mumbai'),
(1009, '2026-03-17 16:30:00', 4500.00, 'Payment', 'Online Shopping', 'Hyderabad'),
(1025, '2026-03-18 11:00:00', 12000.00, 'Payment', 'Electronics', 'Mumbai'),
(1028, '2026-03-19 15:00:00', 3500.00, 'Payment', 'Online Shopping', 'Mumbai'),
(1003, '2026-03-20 10:00:00', 2200.00, 'Payment', 'Online Shopping', 'Delhi'),
(1007, '2026-03-21 14:30:00', 6000.00, 'Payment', 'Online Shopping', 'Mumbai'),
(1001, '2026-03-20 10:00:00', 2000.00, 'Withdrawal', 'ATM', 'Mumbai'),
(1003, '2026-03-21 15:00:00', 5000.00, 'Withdrawal', 'ATM', 'Delhi'),
(1006, '2026-03-22 09:00:00', 10000.00, 'Withdrawal', 'ATM', 'Hyderabad'),
(1011, '2026-03-23 18:00:00', 4000.00, 'Withdrawal', 'ATM', 'Mumbai'),
(1014, '2026-03-24 12:00:00', 2500.00, 'Withdrawal', 'ATM', 'Ahmedabad'),
(1001, '2026-03-21 09:00:00', 150.00, 'Payment', 'Other', 'Mumbai'),
(1002, '2026-03-21 10:00:00', 200.00, 'Payment', 'Other', 'Mumbai'),
(1004, '2026-03-22 11:00:00', 1200.00, 'Payment', 'Other', 'Bangalore'),
(1005, '2026-03-22 14:00:00', 500.00, 'Payment', 'Other', 'Pune'),
(1006, '2026-03-23 09:30:00', 300.00, 'Payment', 'Other', 'Hyderabad'),
(1008, '2026-03-23 11:00:00', 1000.00, 'Payment', 'Other', 'Delhi'),
(1009, '2026-03-24 15:00:00', 450.00, 'Payment', 'Other', 'Hyderabad'),
(1010, '2026-03-24 16:30:00', 700.00, 'Payment', 'Other', 'Kolkata'),
(1012, '2026-03-25 10:00:00', 2500.00, 'Payment', 'Other', 'Pune'),
(1013, '2026-03-25 12:00:00', 150.00, 'Payment', 'Other', 'Ahmedabad'),
(1015, '2026-03-26 14:00:00', 800.00, 'Payment', 'Other', 'Kolkata'),
(1016, '2026-03-26 15:30:00', 1200.00, 'Payment', 'Other', 'Chennai'),
(1018, '2026-03-27 10:00:00', 3000.00, 'Payment', 'Other', 'Mumbai'),
(1019, '2026-03-27 11:30:00', 400.00, 'Payment', 'Other', 'Kolkata'),
(1020, '2026-03-28 09:00:00', 600.00, 'Payment', 'Other', 'Indore'),
(1021, '2026-03-28 10:30:00', 150.00, 'Payment', 'Other', 'Chennai'),
(1022, '2026-03-29 11:00:00', 200.00, 'Payment', 'Other', 'Delhi'),
(1023, '2026-03-29 12:30:00', 500.00, 'Payment', 'Other', 'Bangalore'),
(1024, '2026-03-30 09:00:00', 100.00, 'Payment', 'Other', 'Mumbai'),
(1025, '2026-03-30 10:15:00', 450.00, 'Payment', 'Other', 'Mumbai'),
(1026, '2026-03-30 11:30:00', 300.00, 'Payment', 'Other', 'Bangalore'),
(1027, '2026-03-30 12:45:00', 900.00, 'Payment', 'Other', 'Chennai'),
(1028, '2026-03-31 09:00:00', 150.00, 'Payment', 'Other', 'Mumbai'),
(1029, '2026-03-31 10:00:00', 500.00, 'Payment', 'Other', 'Indore'),
(1030, '2026-03-31 11:30:00', 1000.00, 'Payment', 'Other', 'Mumbai'),
(1001, '2026-03-31 15:00:00', 2500.00, 'Payment', 'Other', 'Mumbai'),
(1002, '2026-03-31 16:00:00', 1200.00, 'Payment', 'Other', 'Mumbai'),
(1004, '2026-03-31 17:00:00', 3000.00, 'Payment', 'Other', 'Bangalore'),
(1005, '2026-03-31 18:00:00', 450.00, 'Payment', 'Other', 'Pune'),
(1006, '2026-03-31 19:00:00', 800.00, 'Payment', 'Other', 'Hyderabad'),
(1007, '2026-03-31 20:00:00', 1200.00, 'Payment', 'Other', 'Mumbai'),
(1008, '2026-03-31 21:00:00', 400.00, 'Payment', 'Other', 'Delhi'),
(1009, '2026-03-31 22:00:00', 600.00, 'Payment', 'Other', 'Hyderabad'),
(1010, '2026-03-31 23:00:00', 150.00, 'Payment', 'Other', 'Kolkata'),
(1011, '2026-03-31 23:30:00', 200.00, 'Payment', 'Other', 'Mumbai');
